https://www.youtube.com/user/ozodivideo;62181;tajik, Tajikistan, tojik, Tojikiston, тоҷик, Тоҷикистон, Душанбе, таджик, таджики, Таджикистан;mk
https://www.youtube.com/user/autumnsnakelaos;93;おぉたむすねィく探検隊, ラオス, 部隊, laos;ja
https://www.youtube.com/user/mysiamb;124;;ru
https://www.youtube.com/user/xxmaf1a;9169;opticnation, exxstacy, seananners, hutch, h3cz, machinima, fazeclan, wearem40a3, thedarthempire, optic, mafia, opticmafia;en
https://www.youtube.com/channel/UCJT1AdNimgbM3GXOCS2Wf_Q;18544;;en
https://www.youtube.com/channel/UC-xsrwf4kG4b_SZDiKIhZqw;793;;de
https://www.youtube.com/user/oreo;153024;Oreo, Cookies, Fun, Stix, FunStix, Double, Stuf, DSRL, Milk;en
https://www.youtube.com/channel/UCaf0xAvOsADh4RIJrYpp_Zg;6784;razi, de, mori, 2016, faze, tari, cu, betivi, faze tari'' ''razi de mori'' ''faze comice'' ''faze de ras'' ''lesini de ras'' ''faze epice 2016;ro
https://www.youtube.com/user/komplexash;57711;;hr
https://www.youtube.com/channel/UCsbiORsdZCNsYrA4yd-H3AA;1336;musicas, cristianas;en
https://www.youtube.com/user/mrsafety;27034;Mr. Safety, MrSafety, Funny song, funny music, parody, parodies, song, songs, music, comedy, comedic, remix;none
https://www.youtube.com/channel/UCKN_b5yw1y0xH61MlVvXM1w;28523;shocking, history, twist, twisttv, list, top5, mystery, scary, facts, top;en
https://www.youtube.com/user/maplestory;64939;maple, maplestory, mmo, mmorpg, 2d, game, online, nexon, bigbang, big bang, free, f2p, free to play;en
https://www.youtube.com/user/mrtheinvencible;347;loquendo495, humor, caidas, porno, mierda, caca;ca
https://www.youtube.com/user/billy1rbstudios;7999;;en
https://www.youtube.com/channel/UCYlqMOVccc2nJiQ5NA9_ImA;531;;no
https://www.youtube.com/channel/UCjWgYyOmxzjC7JcWnES_7Ig;25258;;en
https://www.youtube.com/user/abrahamhicksvortex;893;Abraham, Hicks, Esther, Source;en
https://www.youtube.com/user/mariamusicales;4523;María, Martínez, Maria, M., seymichiru, mariamusicales, disney, doblaje, musical, musicales, mariadoblaje, maria, martinez, amorevo;en
https://www.youtube.com/user/carmediakorea;33475;CarMedia, 카미디어;pt
https://www.youtube.com/channel/UCUSZPlR4wYNqkBmb4UE0fTQ;419;Лесной мониторинг, борьба с браконьерами, защита животных, фотоловушки, лесные камеры, персональные видеорегистраторы, видео с фотоловушек;ru
https://www.youtube.com/user/stammpe2;9215;;en
https://www.youtube.com/user/melodydramatv;307109;Melody, Drama, TV, melody, channels, الريان, زهرة, خاتم, سليمان, الجماعة, الباطنية, مات, نام, ايزل, رمضا, ن, عادل, امام, طاش, ما, ميرنا, خليل, نور, مهند, غادة, عبد, الرازق, مسلسل, حلقة, مشهد, محذوف, تتر, مقدمة, اعلان, دراما, جلسات, نسائية, مطلوب, رجال, نونة, حنان, ترك, منى, زكى, فاطمة, ربع, مشكل;en
https://www.youtube.com/user/14722227;46994;হালাল বিনোদন, Bangla Gazal, Bangla Nasheed, Bangla Islamic gan, Bangla gojol, Bangla Islamic songs, Bangla Gan, Bangla regional song, Bangla funny song, Bangla poetry, Bangla Islamic short film, Bangla subtitle, Bangla Islamic documentary, Bangla Hamd-Naat, বাংলা ইসলামি গান, বাংলা গজল;en
https://www.youtube.com/channel/UCpOcRbNTCfaDE3378Rdfm0g;5879;bon appetit bien sur, joel robuchon, cuisine, recette, gourmet, tv;fr
https://www.youtube.com/user/2grandancehallhannel;24847;dancehall, reggae, music, jamaica, kingston, parties, party, dvd, music video, howto, tutorial, diss, new dance move, new dance, dhq, dancehallqueen, jamaica video mix, jamaica video, jamaica music video, reggae videos jamaica, dancehall videos, how to download youtube video, Vybz Kartel, Dancehall Reggae, Hip Hop, Urban, New Music, uptown mondays, dancehall mix, dance, dancehall dance, Beefing, dancers, dancing, kartel, youtube, Twerkin, how to get, how to make;none
https://www.youtube.com/user/daverfuller;31659;Queen, Foreigner, Bowie, Led, Zeppelin, Remix, Rare;en
https://www.youtube.com/channel/UCgy54D8v4KoEhCANSGKLiSg;270;;de
https://www.youtube.com/user/m94comedytv;25675;Mohammed, Al, Hinai, Channel, Comedy, Blog, محمد, الهنائي;en
https://www.youtube.com/channel/UCUOCN2vvnphgtutfGI8ptsA;4994;;en
https://www.youtube.com/user/afaqmaroc;71631;طبخ،صحة،جمال،شروحات, الكمبيوتر, والاندرويد;ar
https://www.youtube.com/user/omniamediaco;-1;;en
https://www.youtube.com/user/markipliergame;16212225;markiplier, gaming, video games, gameplay, funny moments, funny, lets play, facecam, commentator, montage, compilation, sketch comedy, silly, playthrough, walkthrough;en
https://www.youtube.com/user/carlcarl9;4;;none
https://www.youtube.com/channel/UCKBCG3P2WOT6s0KMddcrQRw;6523;;en
https://www.youtube.com/user/ivonnefanmjjackson;-1;ivonnefanmjjackson, chicatequilax3, chicavampy;pl
https://www.youtube.com/user/pivottvnetwork;12766;Pivot, Television, Social Action, change, cause, issue;en
https://www.youtube.com/user/iakovosdragonas;-1;IAKOVOSDRAGONAS;sw
https://www.youtube.com/user/hikomikos;8888;Hikomikos, Kolekcjoner, Karty, Pokemon, Trading, Card, Zagrajmy, Sun, Moon, Unboxing, GO, Collector, Complete, Seriess, Opening, Trade, TCBM, FCBM, PTCG, Tazo, Tazos, Pogs, Game, Boy, Advance, Ruby, Sapphire, Emerald, Black2, White2;pl
https://www.youtube.com/user/annimalgaming;1999;Gaming, female gamer, walkthrough, playthrough, annimal;en
https://www.youtube.com/user/yonastv;136457;yonas, yonas music, yonas tv, yonas the transition deluxe, the transition, yonas the transition, the proven theory, yonas the proven theory, yonas music video, yonas raps, rap, hip hop, new york rapper;en
https://www.youtube.com/user/bonappetitdotcom;311273;bon appetit, bon apetit, recipe, recipes, wine, magazine, food, healthy eating, menu, holiday, holiday feast, christmas, sam sifton, celebrity chef, foodie, foodist, cookbook, sriracha, what to do with tomatoes, winter salad, winter menu, winter recipe, dessert, cookies, cookie, christmas menu, winter food, chicken, salmon, pasta, chili, leftover, leftovers, best christmas, best holiday, best winter, kale, squash, cider, taste;en
https://www.youtube.com/user/tujamo;58811;Tujamo, EDM, Electronic Dance Music, Progressive House, Electro House, Dim Mak, Smash The House, Spinnin' Records, Ultra Music, House Music, Tomorrowland, Who, Hey Mr, Dance, Ultra Music Festival, Tomorrowworld, Producer, DJ;en
https://www.youtube.com/user/midnightworldx6;-1;►Sunrise, World, V, s, Sunset, World◄;en
https://www.youtube.com/channel/SWbIfVujPdO14;160;советские, мультфильмы, развивающие, игры, для, детей, мультик, самый, маленький, гном, вася, гномик, и, волк, наши, мультики, самых, маленьких, малышей;ru
https://www.youtube.com/user/ahmekkhmer;4346;Ahmek, Khmer, Cambodia, Kampuchea, Angkor, Wat, Siem, Reap, Phnom, Penh, Jayvarman, VII, Norodom, Sihanouk;en
https://www.youtube.com/user/deradryan;1250;;en
https://www.youtube.com/user/taschenmesserbuch;18110;felix, immler, taschenmesser, werken, schnitzen, sackmesser, waldhandwerk, bushcraft, victorinox, wenger;en
https://www.youtube.com/channel/UCcHUCKtgnB_ARD8Z1yMXyQQ;45579;yellow, claw, barong, family, amsterdam, trap, music, edm, dance, spinnin, records, nizzle, jim, aasgier, mc, bizzey, shotgun, rochelle, electronic;de
https://www.youtube.com/user/edlimagno;1034;iPhone, BlackBerry, Nokia, HTC, Iusacell, Telcel, 3G, EvDO, S60, Google, Android, Palm, Symbian, PoderPDA;es
https://www.youtube.com/user/shadowsixfilms;4209;;en
https://www.youtube.com/channel/UCoTl2a8BKzoAXEgbBOGp7Xw;1599;Loquendo, parodias, daniel, slost, residents96, drako, slayer, tutoriales, la, wea, sin, sentido, friki, loquenderos, diegueteelloquendo, crazymix1641, los, cetros, magic, is, exciting;es
https://www.youtube.com/user/tangbenben;737;;en
https://www.youtube.com/user/mk1kieran;7248;drag, racing;en
https://www.youtube.com/user/joergsprave;1468033;;en
https://www.youtube.com/user/n3rkmind;12745;N3rkmind, League of legends, LoL, ADC, Carry, Elo, League, Champion, ADC Champions, Guide, Tutorial, How to;none
https://www.youtube.com/channel/UCTiNaqb4Mmdrdv9uI7U-L5g;402;;en
https://www.youtube.com/user/amaterasuokamiyami;329;;none
https://www.youtube.com/user/krazyfookinbitch;15095;reggae;en
https://www.youtube.com/user/aggrotv;1333550;aggro, aggrotv, aggroberlin, berlin, aggro berlin, halt, die, fresse, halt die fresse, hdf, hip, hop, hip Hop, hiphop, rap, rapper, deutschrap, sido, fler, b-tight, bushido, tonyd, tony-d, tony d, kittykat, kitty kat, peiler, peilerman, 23, maske, graffiti, 1up, 1 up, farid, bang, kollegah, mc, fitti, battle, boi, basti, haftbefehl, azzlackz, celo, abdi, eko, fresh, bilder, im, kopf, alligatoah, willst, du, freestyle, staiger;de
https://www.youtube.com/user/dimohsh;21375;животные, птица, деревня, фермер, даушифтинг, из города в деревню, жизнь в деревне, деревенская жизнь, жизнь на природе, история переезда, переезд в деревню;ru
https://www.youtube.com/user/quijex;48;YouTube, Poop, Mashup, Video, Remix;en
https://www.youtube.com/channel/UCb8GSAdUJx4DbCF-eZoiwAg;7113;;none
https://www.youtube.com/user/onesmay2013;282722;mayj, lee;en
https://www.youtube.com/user/canal32;3524;wizdeo, télévision, local, actualités, tourisme, vie, locale, sorties, culture, troyes, aube, champagne, ardenne;fr
https://www.youtube.com/user/teonatiotis;175;ΦΟΙΝΙΚΙ, ΛΑΚΩΝΙΑΣ, ΠΕΛΟΠΟΝΝΗΣΟΣ;el
https://www.youtube.com/user/kiimjinhyun;35955;Kim, Kiim, JinHyun, Jeu, vidéo, Video, Game, FR, HD, KiimJinHyun, Assassin, s, Creed, GTA, Pikachu, unboxing;fr
https://www.youtube.com/user/letterboxist;32703;Alduin, Hearth;en
https://www.youtube.com/user/egidijausvlogai;10657;Lietuviški vlogai, EgidijausVlogai, Lietuva, vlogai, Egidijus, Žukauskis, žukauskis, Q&A, LT, IššūkisPriimtas, iššūkis, priimtas, išūkis;lt
https://www.youtube.com/channel/UC9lCyYV6W4OWGD5nvsARqfg;85745;;en
https://www.youtube.com/user/squirrelkidd;15233;Rep, xXBoLTZzXx, SquirrelKidd, Animation, Flash, Sprite, Movie, Fight, Sonic, Natsu, Quote, Thespritas, Maplemation, BomaTheCreator;en
https://www.youtube.com/user/cscondevlog;1344;cscondevlog, cscondevloggs, cscondeblog, csconde, vlog, blog, vlogg, vloggs;es
https://www.youtube.com/user/malverdegamer;26197;;en
https://www.youtube.com/channel/UCx4A9lymqP-UKJBQH_MogaA;18427;;none
https://www.youtube.com/channel/UCmXu2dZMFWDqhizabRl4TMg;1523;;th
https://www.youtube.com/channel/UClnOZsLJV5XP-V8VqkQxMow;156725;Korea, Kpop, Kbeauty, Kreaction, ulzzang;en
https://www.youtube.com/user/sportclubmostardas;22791;icaioproductions, icaioproductions2;en
https://www.youtube.com/user/tushinoringnews;26;;ru
https://www.youtube.com/user/blackwind677;22;;en
https://www.youtube.com/channel/UC3E-4S1DqiTskb_5XIvcESg;7251;;none
https://www.youtube.com/channel/UC9VCE0qMCeVvpDFnlW8Y3MQ;897;Бобунец, Смысловые, Галлюцинации, Вечно, Молодой, Буба;ru
https://www.youtube.com/user/drmiedo123;1264;;es
https://www.youtube.com/user/olafvids;1020811;;none
https://www.youtube.com/channel/UCH845zZlKnYrDvyH3GYiA2A;5112;;hr
https://www.youtube.com/user/arumagu8;9103;arumagu8, 高速通過集, JR東日本の電車;ja
https://www.youtube.com/user/comedyshowtelege;88593;კომედი შოუ, comedy show, shabatis show, შაბათის შოუ, სკეტჩები, იუმორი, იუმორისტული, სკეტჩი, სკეჩი, ვანო ჯავახიშვილი, მიშა ანდღულაძე, ვასო ფხაკაძე, ნიკა გრიგოლია, ნიკა არაბიძე, ვახო ბიჭიკაშვილი, რუსთავი 2, rustavi 2, rustavi, რუსთავი;et
https://www.youtube.com/channel/UCNfGyzMCpuwOsNsFWBfUOKg;10;;none
https://www.youtube.com/channel/UCsc1EYLgnvQKrKbEXn6rkxg;7654;;none
https://www.youtube.com/user/matapuna1;191;Matapuna, Training, Centre, gisborne, east, coast, music, new, zealand, cowps, surf;en
https://www.youtube.com/channel/UCZJ-3LBr4h-yKtWsjeQTq_A;2483;Ordem, do, Dia, TV, Cultura, Jornalismo;pt
https://www.youtube.com/user/bigsound23;130;Beats, Musik, BigSounds23, 5XXlMusic, King7, King77, Wer, BEATET, mehr?;de
https://www.youtube.com/channel/UC1hUJs24up-ZCXEDffVmflw;20;;none
https://www.youtube.com/user/ramboamadeussmc;6305;Rambo, Amadeus;en
https://www.youtube.com/user/superjadona;13458;Viagem, europa, vida na alemanha, intercambio na alemanha, vida na europa, intercambio na europa, colonia, cologne, koln, bergisch gladbach, travel, trip, europe;pt
https://www.youtube.com/channel/UC7rtUh43Y_TVYODwoY-ZLYA;247;;pt
https://www.youtube.com/user/daumkila;4346;Muad, Ali, Abubrig;none
https://www.youtube.com/user/lorddraconical;440534;nerf, mod, review, guide, how, to, Tech, fix, drac, vampire, coop772, nerfboyproductions, war, hack, Draconical, unboxing, help, face;en
https://www.youtube.com/user/forestnation;98;Trees, Tree Planting, Earth Day, Pledge to Plant, School Fundraising, Climate Change, Environment, Education;en
https://www.youtube.com/user/miguelangeljordansan;18842;amor, en, custodia, mexico, andres, palacios, paola, nuñez, margarita, gralia;es
https://www.youtube.com/user/tekhd;184794;patrick, norton, veronica, belmont, tip, trick, hdtv, mac, pc, smart, phone, windows, youtube, gmail, google, hack;en
https://www.youtube.com/user/sugarrae78;572;revival, rocksteady, roots;none
https://www.youtube.com/channel/UCd2dffII8QftLrz86j6sVdA;6;;none
https://www.youtube.com/channel/UCxJ7YRWxGshFw-wT1aVi_XQ;62837;cocina, vegan, vegano, sano, saludable;es
https://www.youtube.com/user/naturelifeful;36;Nature,ifrful;en
https://www.youtube.com/user/dtownshutemdown;1598;Dallas, Cowboys, Nfc, East, Trash, Talking, Circle, NFL;en
https://www.youtube.com/user/ieatkids1994;1758;;none
https://www.youtube.com/user/kaydoc3;56;;none
https://www.youtube.com/channel/UC9g3Q1joTUvdmqaGnlmUu2Q;9712;;none
https://www.youtube.com/user/m3kkyyy;52074;M3KKY;ar
https://www.youtube.com/user/midgetdance;4619;Midgetdance, midget, dance, Jake, Halo, Tricks, halo, tricks, machinima, Maple, story, maplestory, league, of, legends, commentary, steve, DayZ, Arma, II, League, Legends, Glychd;en
https://www.youtube.com/channel/UCPOYlgsPuY7GbE0Db3zb5_g;21822;Anthony Trucker, дальнобой, дальнобой по США, дорога, фура, дальнобойщик, водитель фуры, дальнобой по Америке, США, Америка, американская жизнь, работа в США, работа в Америке, работа на фуре, зарплата дальнобойщика, зарплата на фуре, работа на траке, работа дальнобойщика, грузовик, вольво, volvo, big rig, truck, semi truck, blogtrucking, driver, backing up a semi, trucking videos, life on the road, commercial driver, professional driver, CDL, highway, blog, bloger, Энтони Тракер, дрон;ru
https://www.youtube.com/user/prash54321;1555;;en
https://www.youtube.com/user/bogartmachuca;20;;none
https://www.youtube.com/user/schrodingersmexican;1548;Tortilla;en
https://www.youtube.com/user/surgawi;77840;;none
https://www.youtube.com/user/therisingtaide;4360;commentary, politics, talking head, logic, philosophy, reason, intelligence, armoured skeptic, atheist, skeptic, sjw, anti-sjw, antifeminist, feminism, sargon of akkad, chris ray run, vernaculis, drama, youtube drama, controversy, news, entertainment, shitpost, shitposting, gaming, stream, pokemon;en
https://www.youtube.com/user/aluthier;1873;;none
https://www.youtube.com/channel/UCcvuX66ldPR-l2YYb-IPkeA;-1;futbol, soccer, futball, sport, fc barcelona, real madrid, bayern munich, borussia dormund, atletico de medid, skills, amazing, frestyle, jugadas, goles, amazing skills, amazing goals, goals;none
https://www.youtube.com/channel/UCAkhM3t2CmXNTbIR1T1-m0Q;13421;;none
https://www.youtube.com/channel/UChKyKevRNzxcOCrf2Tzvp6w;2322;;ja
https://www.youtube.com/channel/UCATMQjeHfS0A6mzEgaqGB-A;27214;videojuegos, lol, gaming, juegos, gameplays, overwatch, league of legends, hearthstone, español, guias, clash royale, hots, blizzard, heroes of the storm, trucos, consejos, jugando;es
https://www.youtube.com/user/zonamounderground;228799;Zonamo, Zonamo Underground, Underground, spitsessies, Lijpe, Boef, Kosso, Rapbatles, Rap, SBMG, Snoop Dogg, entertainment, music, music videos, dutch, nederlands, 2015;nl
https://www.youtube.com/user/worldofwarplanescom;40874;World War II, WWII, Warplanes, Aircraft, Airplanes, MMO, Wargaming;en
https://www.youtube.com/user/soaussam;1240;comedy, funny, satire, how-to, diy, comedian;en
https://www.youtube.com/user/josel19912;11540;gamers, español, tutorial, juego, pc, valve, steam, walktrough;es
https://www.youtube.com/user/sabinaodone1;-1;cantante, chilena;none
https://www.youtube.com/channel/UCj9zj1UNzlVMEVVs0Y_KpfA;-1;АРТИС, ARTIS, КС ГО, CSGO, TOP GAMER, counter-strike, global-offensive, читы, приколы, нож, драгон лор, Нарезочка;ru
https://www.youtube.com/user/lilvoiceimpressions;3641;voice impressions, voices, fandub, fan dubs, my, little, pony;en
https://www.youtube.com/user/mysticrb;73907;Ryan Biniecki, Mystic, PlayStation, Gaming, PS4, PS3, PS2, PS Vita, Let's Play, Walkthroughs, PlayStation News;en
https://www.youtube.com/user/prinsting;833;;fr
https://www.youtube.com/user/naijagirl88;44948;nigeria, nigerian, africa, african, beauty, clothes, makeup, shoes, outfits;en
https://www.youtube.com/user/mikeyangrybird;482;angry, birds, talking, friends, annoying, orange, super, mario, bros;en
https://www.youtube.com/channel/UCrZ9z4o2nwkBLWvbW5gTdWw;46;;en
https://www.youtube.com/channel/UC8wNWhJgvZJ09s9Q_wEh4DA;2820;;none
https://www.youtube.com/user/lionheart785;-1;Randy, Selectah, Urban, Larocque, DJ;en
https://www.youtube.com/user/billiardschool;5482;русский, бильярд, пул, снукер, сергей, бауров, школа, бильярда, сергея, баурова, диана, миронова, мастер, класс, классы, чемпионка, мира, бильярдное, видео, бильярдный, клуб, гладиатор, евгений, сталев;ru
https://www.youtube.com/user/officialsbu;595;Badmintonscotland, scottish, union, SBU, Sport, badminton, scotland;en
https://www.youtube.com/user/keriniotis;226;;en
https://www.youtube.com/user/zanoubia82;16537;محاضرات, صوتية, اسلامية, ودروس, تعليمية, ..عسى, ان, تكون, صدقة, جارية, او, علما, ينتفع, به, في, ميزان, صاحبة, القناة, باذن, الله...;ar
https://www.youtube.com/user/thezfi;183;;de
https://www.youtube.com/user/kch1852;513;國光幫幫忙, 大學生了沒, 康熙來了, 綜藝大熱門, SS小燕之夜;none
https://www.youtube.com/channel/UCJq7E7dTHZ7gh_ZSp4Aqhjg;1097;;en
https://www.youtube.com/user/markodole;8054;Abba, fan, Czech, Mamma, mia, vinyl, phono, piano, player;en
https://www.youtube.com/user/thezina1980;5044;FOX, официальный канал, Украина, фильмы, трейлеры, кино, трейлери українською, UFD, Ukrainian Film Distribution, ЮФД;uk
https://www.youtube.com/channel/UCUHghaafZgnKbvkuqSJ63Xg;239;;ar
https://www.youtube.com/user/dyuflive;8178;;none
https://www.youtube.com/channel/UCssWOVBE8_I3iDNGE2cOh3g;462;;none
https://www.youtube.com/user/w2mcrew;1789482;;none
https://www.youtube.com/channel/UC2q7jf8hUxTKRpLOqQH-4IQ;-1;;none
https://www.youtube.com/user/chayanne;67459;Chayanne, chayane, oficial, official, Ricky, Martin, gabriel, mi, tiempo, papito, puerto, rico, music, imposibles;es
https://www.youtube.com/user/458mrp;6776;supercars, in, london, ferrari, 599, gto, 430, roadster, brianzuk, shmee150, mc, stradale, richnwilliams, nm2255, marchettino, justinssupercars, bugatti, veyron, enzo, pagani, huayara, cinque, koenigsegg, agera, ccxr, special, one, arab, supercarsoflondon, exoticsoflondon, f14bigal, maserati, lotus, grand, prix, racing, rihanna, vevo, hamann, guardian, FB, Design, 458MRP, monaco, 2011, dubai, badburygtr, straight, pipes, decatted, quicksilver, akaprovic, exhaust, tubi, kressieg!!;en
https://www.youtube.com/user/badruzzamank;7225;;none
https://www.youtube.com/user/belkov44;4429;Белков, Евгений, belkov, evgeniy, evgenii, guitar, гитара;ru
https://www.youtube.com/user/natwestvideochannel;7904;banking, savings, mortgages, NatWest, advert, adverts;en
https://www.youtube.com/user/stivertime;1918;Empire, SS, аниме, онгоинги, топы, обзоры;ru
https://www.youtube.com/user/nmurdaturk;223;eXiLe, Murda™, 2011, eXiLeGamingPs3;en
https://www.youtube.com/user/lotus77s;533;RC, models, GoPro, Hero2, Trucks, Spektrum;en
https://www.youtube.com/user/justplaypokemon;32303;Pokemon Wonderlocke, Pokemon Sun and Moon, Pokemon Sun Wonderlocke, Pokemon Moon Let's Play, Pokemon X and Y, Pokemon Shiny Random Wonder trades, Pokemon Wonder Trades, pokemon egglocke, pokemon nuzlocke, pokemon randomizer, Pokemon Y Wonderlocke, pokemon news, pokemon ultimate nuzlocke, JustPlayPokemon wonderlocke, JustPlayPokemon, Pokemon ORAS Wonder Trades, Random Wonder Trades, Bulbasaur, Pokemon FFA, pokemon wifi battles;en
https://www.youtube.com/channel/UCOy8etpQ5cDbuUEZNO1nzjw;40;;none
https://www.youtube.com/user/lndxleo;59454;Minecraft, Ultra, hardcore, ultrahardcore, ультра, хардкор, майнкрафт, ультрахардкор;en
https://www.youtube.com/user/tracyhoss;5048;groovysphynx, groovy, sphynx, tracy, hosfelt, hoss, kittens, for, sale, Younique, black, presenter, 3D, Magic, moonstruck, Mascara, the, doctors;en
https://www.youtube.com/channel/UCGV8cwwSdwEC3FnF9hqvs1g;157960;топ 5 интересных, топ 5 шокирующих, самые смешные, топ 5 изобретений, 10 крутых вещей на, 5 фактов о стране, 5 случаев жести, 10 лайфхаков для владельцев, лайфхаки для, 10 секретов про, 10 крутых вещей с aliexpress, топ 10 мифов о, 10 самых ожидаемых, 10 самых упоротых, 10 самых необычных людей, топ 5 редких, топ 5 запрещенных развлечений, интересные факты, мегашоу ТВ, мегашоу, mega show tv, megashow tv;ru
https://www.youtube.com/channel/UCqa32PwB10D-dafy5NTJXLQ;2562;;es
https://www.youtube.com/channel/UCeBAZ0JAZUCAQ3H1fiNwIvQ;18283;Fanaticos, Young;none
https://www.youtube.com/user/capturedhd;42900;Fitness, health, bodybuilding, powerlifting, vlogs, gaming, cars, car, culture;en
https://www.youtube.com/channel/UCYxjY3gpEirdVbFSBUBaOQw;331;#NIMO, #ACAPPELLA, #VOCAFARABI, #LUCU, #INDONESIA, #SUARA, #PENTATONIX;id
https://www.youtube.com/channel/UCjKfgnxmSmwVij7tU9QFmYQ;210;;en
https://www.youtube.com/channel/UCBjKHb5xcIqemPZuRoe--qQ;22682;Gossip King, Srilanka Gossips, Sri Lanka Gossips, Sri Lanka News, Sri Lanka Dramas, Sri Lanka updates, Gossipking.lk;none
https://www.youtube.com/user/optimalryse;401;Sheid, Ryse, RyseEdits, aD, Optimal, Sniper, Sniping, Editing, SonyVegas, SheidClan, Editor;de
https://www.youtube.com/user/thevicinger;1014;игровые монтажи, монтажи по cs go, монтажи по gta online, смешные монтажи, caleckar, Toblbobl, SunBro;ru
https://www.youtube.com/user/riotgplay;3140;Rajot, GPLAY, rajotgplay, rajot, gplay;pl
https://www.youtube.com/user/fikztkillcam;172;;en
https://www.youtube.com/channel/UCTK_GDkTm-E2-xnsjCJ_DfA;1591;Banks, BANKS, Goddess, Brain, Beggin For Thread, Waiting Game, Someone New, This Is What It Feels Like, Live, Drowning, You Should Know Where I'm Coming From, Warm Water, Before I Ever Met You, Change, Alibi, Fuck Em Only We Know, Bedroom Wall, Stick, Under The Table, And I Drove You Crazy, Fall Over, Jillian Banks;pt
https://www.youtube.com/channel/UCF7a5CDcfpc04uMNGu6c2Fg;940;;ro
https://www.youtube.com/user/aquamiloco;1320;;en
https://www.youtube.com/user/alehandromiskauskas;26249;Fingerstyle, Acoustic, Guitar, TommyEmmanuel, SunghaJung, MikeDawes, Candyrat, Instrumental, Music, Cover, Nirvana, Gotye, DavidGuetta, Dubstep, PenTapping, ClassicalGuitar, Drums, IgorPresnyakov, DonRoss, AndyMcKee, LucaStricagnoli, AcousticGuitar, Percussion;en
https://www.youtube.com/channel/UC5Dz4peb3m-zZCxKySbEnbw;124;disney, frozen, mickey, kids, music, nursery, rhymes, marvel, super, hero, spiderman;en
https://www.youtube.com/channel/UCosm-pYmlSRItMAIUgNdq9g;260;Gravações, ao, vivo, de, performances, únicas;pt
https://www.youtube.com/user/dvjtamofftv;4597;;es
https://www.youtube.com/user/mrbean;3340817;mr, bean, rowan, atkinson, funny, english, tv, series, holiday, swimming, pool, christmas, car, dancing;en
https://www.youtube.com/user/uzbektvnews;36327;uzbek, tv, uzbek prikol, uzbekistan, tashkent, prikol, прикол, узбек, uzbek videos, uzbek kino, uzbek tv;bg
https://www.youtube.com/user/darmelton;183865;Dartron, Darmelton, Minecraft, Mini-Games, Mods, Maps, Machinima, Animation, Minigames, Gameplay, Commentary, Gaming, Minigame, Digimobs, Roleplay;en
https://www.youtube.com/user/apinkhkfc;6637;;ko
https://www.youtube.com/user/bmota10;2609;Bmota10, Bruno Mota;pt
https://www.youtube.com/channel/UCSvBFXyBBwBuA0PuDlqjv_Q;-1;;none
https://www.youtube.com/user/rodrigoteaser;15567;michael jackson, Michael Jackson impersonator, Michael, Jackson, doble, cover, rodrigo teaser, show, tributo, Rei do Pop, King of Pop, Michael Jackson tribute, Dance, R&B;pt
https://www.youtube.com/user/jaramishow;3403882;Juan, Pablo, Jaramillo, jaramishow;es
https://www.youtube.com/channel/UC9INYHwUmL5CweIJGOe2H6w;38181;;none
https://www.youtube.com/user/johnhyx23;36;;none
https://www.youtube.com/user/missnicaraguaoficial;772;MISS NICARAGUA, nicaragua;es
https://www.youtube.com/user/lifeofaneniang;45713;shirleybeniang, vlogs, fun, random;en
https://www.youtube.com/user/wlk259;4613;покраска, ремонт, авто;ru
https://www.youtube.com/user/theenaldinho;2101639;pegadinha, troll, Enaldinho, desafios, desafio, Enaldo, Responde, vlog, vlogs, comedia, brincadeira, brincadeiras, zuera;pt
https://www.youtube.com/user/kfccolonelsanders;199100;KFC, kentucky friend chicken, fried chicken, colonel sanders, kentucky colonel, colonel, kentucky, chicken;en
https://www.youtube.com/channel/UCwiLLSn9L_VoN8O0nbKV6Jg;183;recipes indian recipe snackrecipes in hind, non veg recipes, veg recipes, mocktail recipes, snack recipes, quick recipes;en
https://www.youtube.com/user/ahmuqq;2295;قناة, المنشد, أحمد, المقيط;ar
https://www.youtube.com/user/hotcake3021;70;;none
https://www.youtube.com/channel/UC7T_l7F6vlO50YSBXDlQMaA;1186;;none
https://www.youtube.com/user/getmoney201046;46;rap, artist, hip, hop;none
https://www.youtube.com/channel/UCtE--WCSIKYpCXsQij6J2kw;348;blog, vlog, gameplay, games, humor, прикол, юмор, игры, летс плей, ZIDI, zidi, зиди, ЗИДИ, let's play, lets play, хорроры, вебка, угар, смешные игры, весёлые игры, новые игры, montage, монтаж, игровой монтаж, прикольный монтаж, нарезки, смешной монтаж;ru
https://www.youtube.com/channel/UCWGi7D2eNcjOkzjWsrs-9BA;1608;Развивайка, развивалки, развивающие игры для детей, развивающее видео, веселый клоун, для детей, игрушки, игры для детей, видео с игрушками, мультики для малышей, игры в конструктор, Няняш ТВ, клоун Ваня;ru
https://www.youtube.com/user/howtolookgoodtv;1277;How, To, Look, Good, Caryn, Franklin, Charles, Worthington, Ariane, Poole, Hair, Fashion, Make-Up;en
https://www.youtube.com/user/peterjaguars;18251;madden 16 ultimate team, mut 16, madden ultimate team 16, peterjaguars, peter jaguars, peterjags, madden 16 ultimate team pack opening, mut 16 pack opening, madden 16 ultimate team gameplay, mut 16 gameplay, madden 16 gameplay, madden nfl 16, madden 16 ultimate team glitch, mut 16 glitch, madden 16 draft champions, madden 16 cfm, madden 16 ultimate team how to make coins, mut 16 how to make coins, peterjaguars pick em, nfl predictions, 2016 nfl picks;en
https://www.youtube.com/user/hbo;794615;HBO, Game, of, Thrones, Boxing, sports, True, Detective, Blood, HBOgo, Go;en
https://www.youtube.com/user/worldsfuzziestvideos;163412;funny, funniest, baby, babies, hilarious, laugh, laughing, cute, cutest, laughter, 2m, media, hit, popular, new, video, videos, clip, clips, laughs, prank, video clip, compilation, twins, accident, music, song, cat, cats, dog, dogs, kitten, fail, fails, epic, crash, fall, break, puppy, puppies, collection, best, reaction, react, vlog, game, gaming, gamer, gameplay, live, stream, ps4, youtube, top, surprise, announcement, reveal, fake, proposal, gun, guns, crying, happy;en
https://www.youtube.com/user/suishomaru;176488;Suishomaru, Sui, Let, s, Play, Pokémon, Gameplay, Playthrough, Spiele, Nintendo, Playstation;de
https://www.youtube.com/user/topfreetemplates;522771;best, free, intro, template, TFT, topfreetemplates, velosofy, editors, depot, sony, vegas, after, effects, cinema, 4d, aae, ae, cs6, cc, cs5, c4d, sv, TFTCreative, creative, graphics, motion, team, backgrounds, intros, outros, Free, After, Effects, outro, cinematic, track, black, ops, call, of, duty, ghost, editing, montage, minecraft, blender, imovie;en
https://www.youtube.com/user/thetrollfaceman97;7509;Intrattenimento, Musica;en
https://www.youtube.com/channel/UCho_7Twp5Mn3N7MZ8_jxQTQ;688;;pt
https://www.youtube.com/user/msofline;3392;MSOFLINE, missforgete, safira88888, safirenia, skorpiostv;el
https://www.youtube.com/user/kermitsgirl2000;2;;none
https://www.youtube.com/user/dissident93;1770;bass and percussion, dissident93;en
https://www.youtube.com/channel/UCX32JMVqneZ8udJFZB81KUA;2344;;none
https://www.youtube.com/channel/UCW9JACosTnXzREUzH34Z98A;16072;Drone Valley, Drone, Phantom, DJI, Phantom 3, Phantom 4;none
https://www.youtube.com/user/brtactical;16461;;pt
https://www.youtube.com/user/gleeksterpony;815;LPS;en
https://www.youtube.com/user/josepht007;4468;;en
https://www.youtube.com/user/mdterps1042;61102;Alex Rüdinger, Rudy, Meinl Cymbals;en
https://www.youtube.com/user/starsosilly;1649416;Jinx, Funny, Comedy, Sketches, Interview, Parody;en
https://www.youtube.com/channel/UC3Cxz18aRo35YQ6tgz5vztw;4554;قيس, هشام, قياس, اغاني قيس هشام, احبة اكثر من الروح, صور قيس هشام, صور قيس, قيس هشام غرامك, قيس هشام المدرس, اغاني قيس هشام mp3, محمد السالم, نور الزين, حسام الرسام, باسم الكربلائي, علي الدلفي, عبد الله الهميم, ايش اللي, صاحي, التمساح, حسين الجسمي, راشد الماجد, زايد, الصالح;ar
https://www.youtube.com/user/ikriui;6975;ikriui, ikriul, giulia, martina, funny, lol, italia, vlog, comedy, carciofi, bimbeminkia;it
https://www.youtube.com/channel/UCWh_0Totqzhlzy-Ci2EiJxg;8494;Автомобиль, тест-драйв, обзор, авто;ru
https://www.youtube.com/user/sdlcoficial;53809;;none
https://www.youtube.com/channel/UC3mclMAsShJ-cYocz8frhvg;890;PROMOCJE, ZAKUPY, GAZETKI, OFERTY, SUPERMARKET, SKLEP, PIENIĄDZE, TOWARY, CENY;pl
https://www.youtube.com/user/humantv;8221;human, rights, amnesty, international, uk, charity, death, penalty, amnestytv, tv, prisoners, of, conscience;en
https://www.youtube.com/channel/UC94eBM9dUAIUQdiEaCiP38g;21478;;en
https://www.youtube.com/channel/UC6MlT7Al0M1NNbp3OkR7Q0g;323;;es
https://www.youtube.com/user/blacktear;118;karaoke, kpop, cover, covers, mijusa, mijusakaraoke, saga, breaking, records, member, sagacchi, rap, ani, korea;en
https://www.youtube.com/channel/UCDhi5CoXsO6QVISmTmjtYqg;546;Nitro, Radio, Control, Action;en
https://www.youtube.com/user/motorworldhype;2275;;en
https://www.youtube.com/user/baronvongamez;388822;baronvongamez, baronvonletsplay, war thunder, war thunder trailer, war thunder gameplay, war thunder ships, war thunder planes, war thunder planes guide, war thunder tanks, war thunder ps4, war thunder fails, war thunder xbox, war thunder funny moments, war thunder epic moments, tanks, ships, planes, war games, war thunder boats, war thunder tanks gameplay, war thunder planes gameplay, war thunder gameplay pc, war thunder pc;en
https://www.youtube.com/channel/UC4qV_xj4Gl2zNZG76vploiA;1411;;none
https://www.youtube.com/channel/UCJ644_HKH7q8YCN808vItEw;558;;none
https://www.youtube.com/channel/UCXYkNGbBRL_pl6O7W2G0KgQ;9;;none
https://www.youtube.com/user/blidianthugz;45247;BT, RAP, DZ, ALGERIEN, SOCIAL, POLITIQUE, EGO TRIP, TRAP, HARD;en
https://www.youtube.com/user/mat4yo;19325;funny, Awesome, cool, things, video, rap, battlemat4yo;en
https://www.youtube.com/user/rollbackthetape;244;Music Video, Parody, Comedy, Spoof, Funny, Humor, Roll, Back, Tape, Raw, Raw Footage, director, point of view, directors, music video parody, music videos, music video parodies, edit, edited, editing, film, Film (film), Pop, music, direct, directing, roll back the tape, roll back tape, no music, without music, dubbed, overdubbed, dub, Pop Music (Musical Genre), Short, Action, spoofing, pre production, producers, produce, pre, over dubbed, commentary, rewind, lampoon, send-up;en
https://www.youtube.com/user/gotvideofilms;2153;;en
https://www.youtube.com/user/mrweerhys;499;lil, wee, rhys, mw2, montage, dualtage, callofduty, black ops, modernwarfare2, alex, gameplay;sw
https://www.youtube.com/user/rei142;1351;;ko
https://www.youtube.com/channel/UCptAJnwl1OX9Sc0Nn4UXpBg;-1;;none
https://www.youtube.com/user/alletacz;1450;Alleta;cs
https://www.youtube.com/user/sangeethageetha1;105;;none
https://www.youtube.com/user/emzy2552;103157;Emzy, Emzy255, Emzy225, Bunny, Rabbit, Minecraft, minecraft Xbox, Xbox 360, Xbox One, PC, gaming, Gameplay, Lets Play, Fun, Funny, Mini game, Video Game, Family Friendly, Aussie, Australia, Australian, GDay;en
https://www.youtube.com/user/glee12demi;3059;;en
https://www.youtube.com/channel/UCFxZn4QLE7cHKkpbo64k7ig;1111;power metal, speed metal, heavy metal, хеви метал, пауэр метал, спид метал;en
https://www.youtube.com/user/offbeatgamerz;323209;Wolfteam, BLoodRappeR;tr
https://www.youtube.com/channel/UCr6WjS0bVigOJaewmAz2dkw;3384;эхо москвы 2017, особое мнение 2017, эхо москвы особое мнение 2017, другое мнение смотреть онлайн, особое мнение шендерович, андрей пионтковский, станислав белковский, белковский, виктор шендерович, шендерович, александр невзоров, невзоров, эхо москвы, эхо, особое мнение, персонально ваш, путин, россия, украина, другое мнение, эхо москвы особое мнение, 2017;ru
https://www.youtube.com/user/greenlandegypt;272;greenland, جرين لاند;en
https://www.youtube.com/channel/UCkmMHYpxS0Mis0ZImq0jc_g;218;;es
https://www.youtube.com/user/mitchandsuavetv;359;;en
https://www.youtube.com/user/shadypenguinn;407657;ShadyPenguinn, Pokemon, Pokemon Sun and Moon, Zelda, Fire Emblem, Wifi Battles, Pokemon BattleSpot, Pokemon TCG, Daily Vlogs, Competitive Pokemon;en
https://www.youtube.com/channel/UCNwtdSOqHfuMnC5nyaqqF_Q;153;هوايتى, تربية, طيور, الزينة, ومنا, طائر, الكناري, وطائر, الحسون, المقنين, وطيور, الزيبرا, البادجى, الكوكتيل, الحب, الفيشر, الروز, وعلاج, الامراض, المزمنة, والمعدية, عند;en
https://www.youtube.com/user/bollywoodcia;233885;bollywood, bollywood news, bollywood gossip, bollywood songs, bollywood songs 2016, bollywood trailers 2016, bollywood movie trailers 2016, bollywood item songs, bollywood latest songs 2016, bollywood news songs 2016, bollywood upcoming movies 2016 trailers, gossip, news, entertainment, bollywoodbackstage, bollywoodcia;en
https://www.youtube.com/user/thelowladee;9400;lowladeetv, lowladee, this is it, this is it series, nick mutuma, chiagoziem nwakanma;en
https://www.youtube.com/user/scalenetube;172912;scalenetube, banda scalene, scalene, brasilia, bandas de brasilia, rock, alexia, gustavo, tomás, lucas, philipe;it
https://www.youtube.com/user/wowsoamaze;249970;Top 5, Top 10, Facts, Creepy Videos, Top Ten, Viral;en
https://www.youtube.com/user/wondersniff;2602;;none
https://www.youtube.com/user/2012goldenbell;4192;華視, 綜藝, 頻道, 金鐘獎, 頒獎;zh-tw
https://www.youtube.com/user/natanphenomveiculos;113;www.phenomveiculos.com,, blog, automotivo,, noticias, automotivas;pt
https://www.youtube.com/channel/UCNijZMuz_3Qy3cILQuRYSNA;-1;nursery rhymes songs, nursery rhymes for children, nursery, rhymes, for, kids, children songs, kids songs, Babylonz TV, Babyloonz Tv English original kids songs, baby songs, nursery rhymes, toddler songs, fun for toddler, fun for baby, baby learning videos, animal friends, toddler tv, songs far babies;en
https://www.youtube.com/user/fredtheshred;9185;7-string, 8-string, shred, metal, lead guitar, ERG, Jaden Rose, Blackmachine, V-Picks, SikPik, Spectraflex, Axe FX, Eleven Rack;en
https://www.youtube.com/user/twiggodliike;34;;de
https://www.youtube.com/channel/UCdKyblrxIX1yZOb-zjbmTdQ;3143;;none
https://www.youtube.com/user/minerprojectstudio;249;MinerProjectStudio;en
https://www.youtube.com/user/bermuda425;845;Bermuda, 425, new, york, playlist, shallow, hal, schwer, verliebt, while, you, were, sleeping, während, du, schliefst, soundtrack, the, holiday, hans, zimmer, alan, silvestri, howard, shore, maestro, black, harry, potter, john, williams, album, frank, sinatra, strangers, in, sight, songs, for, swinging, lovers, film, catch, me, if, can, meet, st, louis, judy, garland, margaret, brien, christmas, usa, music, disney, score, motion, picture, original, composition, Hans, Zimmer, Alan, Silvestri, Flight, Simulation;en
https://www.youtube.com/channel/UCkb6dwJnUA6peKYBkaHROWw;1640;;none
https://www.youtube.com/channel/UCSmPYuGlGX1JSwhmQAlKdkA;108;Cooler, Box, Brothers, Coolerbox, Vonk, Musiek, Real, Music;en
https://www.youtube.com/user/rogelianitajessica;4737;jorge salinas, ana brenda, ana paula, rogelio, la que no podia amar, televisa, refritos, guero castro, entre el amor y el odio;en
https://www.youtube.com/channel/UCJ0l676o5QdHHiC0kYpN6Rg;4543;champeta;de
https://www.youtube.com/user/diggziabher;101545;Protoje, reggae (music genre), reggae 2015, protoje who knows, who knows, criminal, stylin;none
https://www.youtube.com/user/elyshuri;51607;elyshuri, girl gamer, girl playing, lol, chica gamer, peliazul;es
https://www.youtube.com/channel/UCKJJ2LkFt76EWwby2EkjgrQ;10729;;none
https://www.youtube.com/user/matkayofficial;1123;;en
https://www.youtube.com/user/stalker29218;15369;Stalker29218, Хумор, Аудиорелигия, Сталкер, СталкерБог, Ушлепок, Stalker Audio, Аудиофил, Сталкер Аудио, Лыжная мазь;ru
https://www.youtube.com/user/mynataliia;225;;none
https://www.youtube.com/user/mytoecold;949002;mytoecold, my, toe, cold, drew, monson;en
https://www.youtube.com/channel/UC703mWCyE-q7MZ5NZVmoDgw;16856;;ru
https://www.youtube.com/user/themostdeaf;25;;none
https://www.youtube.com/user/skinniem;16132;;none
https://www.youtube.com/user/anahitshahzadeyan;5492;;en
https://www.youtube.com/user/machbyhlb;63254;;none
https://www.youtube.com/user/mzumi33;17123;;sl
https://www.youtube.com/user/itscreates;562;;en
https://www.youtube.com/user/nrrarchives2;14078;;en
https://www.youtube.com/user/weareallmonkeys;33;;none
https://www.youtube.com/channel/UCGmSj6E--G5WKR_8VQqyZlA;279;;ru
https://www.youtube.com/user/shortfilmlines;2892;Cortofilia;es
https://www.youtube.com/channel/UCwPfjqUoGYzktHoLxRCGPbg;12594;Roblox, Minigunner;en
https://www.youtube.com/user/fretsonfiretracks;577;;none
https://www.youtube.com/channel/UCA59G7my1GUESC-Z9-0sIQw;1077;;en
https://www.youtube.com/user/beh2inga;1342956;behzinga, beh2inga, sidemen, funny, moments, challenges, random, games, golf, with, friends, dead, by, daylight;en
https://www.youtube.com/user/thegddx;23089;Entertainment, Gaming, Movies, Fun, Games, Videos, News, Horrors, Comedy, Facebook, Channels, Gameplays, Walkthrough, Everything;de
https://www.youtube.com/user/iminezone;25859;iMineZone, Mine Zone, Minecraft, Minecraft Xbox 360 Edition, MC, Halo Zone, The Zone, Zone, Download, Lets Play, Best, Most, Top 5, TheGamingLemon, Minecraft Epic Builds, Minecraft Update News, Mojang, 4J Studios, Notch, Yogscast, Miner, Stampylongnose, Minecraft Community, Community Channel, Stampy, Luc Klopper;en
https://www.youtube.com/user/them3nfsy;458433;im Tag, Tag, تاق, فري ستايل, مهارات, كورة, #تيم_تاق;ar
https://www.youtube.com/user/cultureindecline;42792;peter joseph, zeitgeist film series, culture in decline, webseries, comedy, satire, soceity, revolution, critical thought;en
https://www.youtube.com/user/legacyofspirit;242345;Legacy, of, LegacyOfSpirit, Flauta, dulce, con, notas, explicadas, Lual, Cross, Mx;es
https://www.youtube.com/channel/UCrcgm5BrE-Grix37bgq-3yA;33460;Xtra, Interesante, Datos, Curiosos, Noticias, Curiosas, Nuevas, Viral, Virales, Top, Tops, Videos, Chistosos, Ranking;es
https://www.youtube.com/channel/UCLryLyPUT4Hh6h8uUlVWj6A;9418;Comedy, Viral, Parody;none
https://www.youtube.com/user/lenaellenna;330;искусство, музыка, творчество, art, декупаж, куклы, история искусства, кошки;none
https://www.youtube.com/user/astralrod1;11;;none
https://www.youtube.com/user/mizshift;46133;mizshift, ride, of, the, century, 2013, 2012, mottovlogging, motovlogging, vlogging, vlogger, motorcycle, cbr1000rr, cbr, cbr600rr, 1000rr, 600rr, honda, kawasaki, wheelie, stunts, stopies, downshift83, productions, thegardensnake, billma, bywayofmotorcycle, auto, cars, fast, speed, illegal, funny, entertaining, director, tire, how, to, sprocket, throttle, change, wheels, r1, gsxr, redline, up, and, coming;en
https://www.youtube.com/user/nailswithlynette;308261;;en
https://www.youtube.com/channel/UCHctR8UOqRNw5v8UMj1bZQg;586;Nepali Music, nepali music Videos, nepali songs;none
https://www.youtube.com/channel/UCmCn7JGUtx9_rb6YPLXS0Xg;1840;;none
https://www.youtube.com/user/mikeyboyproductionz;4963;;none
https://www.youtube.com/user/peklamalolz;22704;wot, world, of, tanks, vod, guide, replay, frag, movies, обзоры, танки, игры, андроид, как, прошить, гайды, описания, история, устройства, гаджеты;ru
https://www.youtube.com/channel/UC6_1FPLoN_AYdw9cKFrcL5g;-1;;none
https://www.youtube.com/channel/UCw6Yt91OhtBkBvHX6vnzD_w;1001;;es
https://www.youtube.com/user/madhawalee;41128;SL, MADE;en
https://www.youtube.com/user/enriquevicsaa;10640;afromestizos, hevia, pizzica tarantella, latinoamerica, autonomia indigena, amerindios ezln, latinamerica. new age, orch;it
https://www.youtube.com/user/prettipoison27;28074;natural, hair, journey;en
https://www.youtube.com/user/yplusshow;321229;japan, japanese culture, dating, japanese men, japanese women;en
https://www.youtube.com/channel/UCMlwUGUIf6MPNs_y1pxOp7A;5562;джейми оливер обед за 15 минут, джейми оливер школьные обеды, джейми оливер у себя дома, джейми оливер экономные обеды, джейми оливер 15 минут, джейми оливер 2015, кулинарные путешествия джейми оливера, рецепты джейми оливера, кулинарный канал джейми оливера, джейми оливер готовим за 15 минут, джейми оливер готовим вкусно и недорого, джейми оливер готовим за 30 минут, джейми оливер десерт, джейми оливер домашние блюда, джейми оливер обед за 30 минут все серии;ru
https://www.youtube.com/user/hynzmusic;3;;en
https://www.youtube.com/channel/UCiJqqmxaGmxRLBG1P8PN6cw;1434;;none
https://www.youtube.com/user/doctarchou;496;;none
https://www.youtube.com/user/0artur0;123;Flight, Simulator, FSX, HD;es
https://www.youtube.com/user/urbancelebs;412;;en
https://www.youtube.com/channel/UCafun9Owd2GNx_fZXdbrgZw;36857;;none
https://www.youtube.com/user/digitalofen;116460;Musicless, Musicvideos;none
https://www.youtube.com/user/mikeiusofficial;148851;mikeius, braf, mpraf, μπραφ, geek wars, viral news;el
https://www.youtube.com/user/pluiedecyprine;385;humour, blagues;none
https://www.youtube.com/channel/UClje2QhqcQeBvH2lNf2HBrQ;32742;yandere simulator ru, yandere simulator russian, Яндере симулятор, Яндере симулятор русский, Симулятор Яндере, Симулятор Яндере русский;ru
https://www.youtube.com/user/fabulasityisme;456711;african, american, women, extentions, fashion, weaves, darkskin, makeup, hair, diva, invisible, part, shorthair, natural, afro;en
https://www.youtube.com/user/theworldfishcenter;2164;WorldFish, Fish, poverty, hunger, fisheries, aquaculture, tilapia, sustainability, coral, reef, Pacific, Asia, Africa, WorldFishCenter, development, research, science, CGIAR;en
https://www.youtube.com/channel/UCACu12tYMVnfzE3v2UwMObw;131548;;none
https://www.youtube.com/user/luinny007;3013;Luinny, Corporan, Movimiento Urbano, Ozuna, el coro del luinny, Entrevistas a los urbanos, Urbanos dominicanos, urbanos 2016, luinny entrevista, alofoke radio show, alofoke sin cesura, fuertes revelaciones, rap dominicano, Lapiz conciente, julio en la calle, dembow, Brea Frank, tiradera, reggaeton, El Alfa, El Mayor, Nicky Jam, Mark B, Mozart La Para, Farruko, Cosculluela;es
https://www.youtube.com/channel/UCE50QneVgl78Y5vdlf9N4MQ;12490;;none
https://www.youtube.com/user/katanafx;95;;none
https://www.youtube.com/user/ronjasccq;11431;Country, Music;en
https://www.youtube.com/user/theproselytizer;18990;david, tennant, single, father, masterpiece, contemporary, doctor, who, blackpool, casanova, recovery, QI;en
https://www.youtube.com/user/laffytaffy73;215;stop;en
https://www.youtube.com/user/8xanickx8;36296;Андрей Ткачев, Проповедник, Проповедь, Церковь, Бог, Учение, Библия, Иисус Христос, Христианство, Жизнь, Смысл Жизни, Помощь, Вера, Надежда, Любовь, Крещение, Святой дух, причастие, Исповедь, Литургия;bg
https://www.youtube.com/channel/UCwTGRRhK_monSzLeR44bIqg;27593;;none
https://www.youtube.com/channel/UCihEHh5sU0pQYf5CrO7fZnw;414;intros, mango, cinema4d;en
https://www.youtube.com/user/sportranger;23203;;en
https://www.youtube.com/user/valerabuh;25047;паразиты сознания, социальные паразиты, альтернативная история, Здоровье без таблеток;ru
https://www.youtube.com/channel/UCxXUZhoUGRAQkZfysG646KA;151333;• جديد شما حمدان, شما حمدان, شمه حمدان, شما حمدان 2015, shamma hamdan, shamma hamdan songs, يوتيوب اغاني, اغاني جديده, music mp3, اغاني, اغاني 2015, تنزيل, AlHob AlSaheh, الحب الصحيح, UCxXU, coke studio, شما حمدان كان, شما حمدان 2014, حبيب الصيف, شما حمدان arab's got talent, shama hamdan 2015, Ma Ttsel Fene, عاندت فيك, Anadet Feek, عاندت فيك الكل, شما حمدان اجر وعافيه;ar
https://www.youtube.com/user/barsoff34;17397;игры, igri, игры онлайн, игры для мальчиков, скачать игры, robocraft, онлайн игры, игры для детей, игра, craft, бесплатные игры, игры стрелялки, детские игры, игры онлайн бесплатно, игры бесплатно, играть в игры, скачать игры бесплатно, играть онлайн, стрелялки, прохождение, игры скачать, онлайн, игры на пк, лего игры, скачать игру, скачать игры на пк, игры лего, скачать бесплатно игры, играть, igra, скачать игры на компьютер, игры скачать бесплатно, igri online, BARS_OFF, BARS OFF;ru
https://www.youtube.com/user/kkrofficial;45272;kkr, kolkata night riders, ipl, cricket, gambhir, brett, lee, nokia, yusuf, pathan, shakib;en
https://www.youtube.com/user/witcher6999;25888;2d, nes, snes, sega, review, сега, денди, обзоры;ru
https://www.youtube.com/channel/UCzpC22wuYBAwg7H7ENeqelw;316;;en
https://www.youtube.com/user/wegotthetanks;74;L4D, L4D2;none
https://www.youtube.com/channel/UCboYfico7ucZIzA6nsnWC2w;179;elshad vefali, elsad vefali, ibst media broadcasting company llc, ibst music, ibst production, estradaaz, estrada.az, estrada_az, estrada-az;tr
https://www.youtube.com/user/lxlsniperzlxl;842;Resident, Evil, Mods, Modding, Walkthrough, Secrets, Leon;en
https://www.youtube.com/user/suburbaninvasion;15356;An0maly, Anomaly, Rapper, Freestyle, beat, build, cypher, city, lights, millie, cannon, imma, be, Hip, hop;en
https://www.youtube.com/user/wataryproduction;248074;watary production watary production awtary producer watar music is my life وتري برودكشن, أغاني عربي, arabic songs;en
https://www.youtube.com/channel/UCcM_nZZyYRUdnS5axwd5NDg;19;kerwil;es
https://www.youtube.com/user/trug79;47605;truG79, True Gamer 3ntertainment, Tru Gee, remix, Tupac, 2Pac, Makaveli, Shakur, The Don, mix, dj, dj Tru Gee, rare, quality, hd, 720, 720p, Eminem, B.I.G., Biggie Smalls, Anonymous, Killuminati;en
https://www.youtube.com/user/sammany;189;;none
https://www.youtube.com/user/soundzgoodrecordings;4086;soundz, good, Soundzgood, Soundzgoodrecordings, Electronic Pleasure,Refuge Records, 12 Tone Records love it records, refuge digital, dance, house, label, music, Soundz, Good, Media;en
https://www.youtube.com/user/jonyplanet;1324;VIAJES;es
https://www.youtube.com/channel/UCJQsWPEUwVywWB2A5ltOEAg;79;;none
https://www.youtube.com/channel/UC2GFPbdyqcXPa8KQcroDpQw;59875;heroes, super, hero, eroi, supereroi, real, life, spiderman, avengers, hulk, batman, fights, combat, ironman, cartoon, kids, battle, commedy, disney, children, shrl, rlsh, irl, funny, frozen, spidermaninreallife, superheroesinreallife, superherostories, spidey, videoforkids, videoforchildren, villain, superheroescommedy, superheroesfunnyvideos, Superheroes, adventures;en
https://www.youtube.com/channel/UC_-DeJI_RtnlFzbKnYaNXVw;19089;cheveux, traitements, pousse;fr
https://www.youtube.com/channel/UCI09c7wrNYCseZZ53i28gwA;703;Биржа, РТС, ММВБ, скальпинг;none
https://www.youtube.com/user/mrploverwii;67829;;none
https://www.youtube.com/channel/UCU-tH_-bigon9T2rKbrg9_Q;710;;ru
https://www.youtube.com/user/scenarioartsmej;14154;;ja
